{
    "generator": {
        "loss_mean": 0.7263098955154419,
        "loss_std": 0.007815849967300892
    },
    "discriminator": {
        "loss_mean": 1.3652677536010742,
        "loss_std": 0.011587693355977535
    }
}