{
    "generator": {
        "loss_mean": 1.7765014171600342,
        "loss_std": 0.09197516739368439
    },
    "discriminator": {
        "loss_mean": 0.9213492274284363,
        "loss_std": 0.058853570371866226
    }
}