{
    "generator": {
        "loss_mean": 0.9060426354408264,
        "loss_std": 0.06314054876565933
    },
    "discriminator": {
        "loss_mean": 1.0480797290802002,
        "loss_std": 0.07412167638540268
    }
}