{
    "generator": {
        "loss_mean": 0.8406073451042175,
        "loss_std": 0.06715824455022812
    },
    "discriminator": {
        "loss_mean": 1.1610385179519653,
        "loss_std": 0.08989425748586655
    }
}