{
    "generator": {
        "loss_mean": 0.9386743307113647,
        "loss_std": 0.056211117655038834
    },
    "discriminator": {
        "loss_mean": 0.9841305017471313,
        "loss_std": 0.070732481777668
    }
}