{
    "generator": {
        "loss_mean": 0.8753258585929871,
        "loss_std": 0.009809265844523907
    },
    "discriminator": {
        "loss_mean": 1.3326181173324585,
        "loss_std": 0.012811191380023956
    }
}