{
    "generator": {
        "loss_mean": 0.5339517593383789,
        "loss_std": 0.08064518868923187
    },
    "discriminator": {
        "loss_mean": 2.0249714851379395,
        "loss_std": 0.13889478147029877
    }
}